"Name","FullName"
"Festival Logo_svg","C:\prog\Hellosunshine_V2\public\Festival Logo_svg"
"fonts","C:\prog\Hellosunshine_V2\public\fonts"
"Guestbook_png","C:\prog\Hellosunshine_V2\public\Guestbook_png"
"icons","C:\prog\Hellosunshine_V2\public\icons"
"textures","C:\prog\Hellosunshine_V2\public\textures"
"brush-stroke.png","C:\prog\Hellosunshine_V2\public\brush-stroke.png"
"canvas-background.png","C:\prog\Hellosunshine_V2\public\canvas-background.png"
"DSCF2335.JPG","C:\prog\Hellosunshine_V2\public\DSCF2335.JPG"
"file.svg","C:\prog\Hellosunshine_V2\public\file.svg"
"globe.svg","C:\prog\Hellosunshine_V2\public\globe.svg"
"HSSLOGO black YELLOW.png","C:\prog\Hellosunshine_V2\public\HSSLOGO black YELLOW.png"
"logo-black-yellow.png","C:\prog\Hellosunshine_V2\public\logo-black-yellow.png"
"next.svg","C:\prog\Hellosunshine_V2\public\next.svg"
"P1130170.JPG","C:\prog\Hellosunshine_V2\public\P1130170.JPG"
"paper_buttons.png","C:\prog\Hellosunshine_V2\public\paper_buttons.png"
"ticket_background.png","C:\prog\Hellosunshine_V2\public\ticket_background.png"
"vercel.svg","C:\prog\Hellosunshine_V2\public\vercel.svg"
"window.svg","C:\prog\Hellosunshine_V2\public\window.svg"
"Avalon Dance Oddessy2.svg","C:\prog\Hellosunshine_V2\public\Festival Logo_svg\Avalon Dance Oddessy2.svg"
"rumble camp.svg","C:\prog\Hellosunshine_V2\public\Festival Logo_svg\rumble camp.svg"
"rumble.svg","C:\prog\Hellosunshine_V2\public\Festival Logo_svg\rumble.svg"
"Small world.svg","C:\prog\Hellosunshine_V2\public\Festival Logo_svg\Small world.svg"
"Chicle-Regular.ttf","C:\prog\Hellosunshine_V2\public\fonts\Chicle-Regular.ttf"
"CormorantGaramond-VariableFont_wght.ttf","C:\prog\Hellosunshine_V2\public\fonts\CormorantGaramond-VariableFont_wght.ttf"
"Fraunces-VariableFont_SOFT,WONK,opsz,wght.ttf","C:\prog\Hellosunshine_V2\public\fonts\Fraunces-VariableFont_SOFT,WONK,opsz,wght.ttf"
"Testimonial_overlays","C:\prog\Hellosunshine_V2\public\Guestbook_png\Testimonial_overlays"
"BACK_SIDE_BOOK_LEFT.png","C:\prog\Hellosunshine_V2\public\Guestbook_png\BACK_SIDE_BOOK_LEFT.png"
"BACK_SIDE_BOOK_RIGHT.png","C:\prog\Hellosunshine_V2\public\Guestbook_png\BACK_SIDE_BOOK_RIGHT.png"
"BOOK_COVER_BACK.png","C:\prog\Hellosunshine_V2\public\Guestbook_png\BOOK_COVER_BACK.png"
"BOOK_COVER_FRONT.png","C:\prog\Hellosunshine_V2\public\Guestbook_png\BOOK_COVER_FRONT.png"
"paper_page_LEFT.png","C:\prog\Hellosunshine_V2\public\Guestbook_png\paper_page_LEFT.png"
"paper_page_right.png","C:\prog\Hellosunshine_V2\public\Guestbook_png\paper_page_right.png"
"sanchocampo2white.png","C:\prog\Hellosunshine_V2\public\Guestbook_png\Testimonial_overlays\sanchocampo2white.png"
"testem1.png","C:\prog\Hellosunshine_V2\public\Guestbook_png\Testimonial_overlays\testem1.png"
"testem1white.png","C:\prog\Hellosunshine_V2\public\Guestbook_png\Testimonial_overlays\testem1white.png"
"Thank you crew.png","C:\prog\Hellosunshine_V2\public\Guestbook_png\Testimonial_overlays\Thank you crew.png"
"Thank you for all the energy..png","C:\prog\Hellosunshine_V2\public\Guestbook_png\Testimonial_overlays\Thank you for all the energy..png"
"Thank you for the warmth.png","C:\prog\Hellosunshine_V2\public\Guestbook_png\Testimonial_overlays\Thank you for the warmth.png"
"Thank you its been really supportive.png","C:\prog\Hellosunshine_V2\public\Guestbook_png\Testimonial_overlays\Thank you its been really supportive.png"
"WHITEhealthy and vibrant.png","C:\prog\Hellosunshine_V2\public\Guestbook_png\Testimonial_overlays\WHITEhealthy and vibrant.png"
"burgur.png","C:\prog\Hellosunshine_V2\public\icons\burgur.png"
"calendar.png","C:\prog\Hellosunshine_V2\public\icons\calendar.png"
"down-arrow.png","C:\prog\Hellosunshine_V2\public\icons\down-arrow.png"
"facebook.png","C:\prog\Hellosunshine_V2\public\icons\facebook.png"
"fire-pit.png","C:\prog\Hellosunshine_V2\public\icons\fire-pit.png"
"heart.png","C:\prog\Hellosunshine_V2\public\icons\heart.png"
"home.png","C:\prog\Hellosunshine_V2\public\icons\home.png"
"hot-tub.png","C:\prog\Hellosunshine_V2\public\icons\hot-tub.png"
"iconcollage.png","C:\prog\Hellosunshine_V2\public\icons\iconcollage.png"
"iconcollage2.png","C:\prog\Hellosunshine_V2\public\icons\iconcollage2.png"
"iconcollage3.png","C:\prog\Hellosunshine_V2\public\icons\iconcollage3.png"
"instagram.png","C:\prog\Hellosunshine_V2\public\icons\instagram.png"
"location.png","C:\prog\Hellosunshine_V2\public\icons\location.png"
"mail.png","C:\prog\Hellosunshine_V2\public\icons\mail.png"
"mobile-phone.png","C:\prog\Hellosunshine_V2\public\icons\mobile-phone.png"
"phone.png","C:\prog\Hellosunshine_V2\public\icons\phone.png"
"plunge-pool.png","C:\prog\Hellosunshine_V2\public\icons\plunge-pool.png"
"sauna.png","C:\prog\Hellosunshine_V2\public\icons\sauna.png"
"shower.png","C:\prog\Hellosunshine_V2\public\icons\shower.png"
"towels.png","C:\prog\Hellosunshine_V2\public\icons\towels.png"
"up-arrow.png","C:\prog\Hellosunshine_V2\public\icons\up-arrow.png"
"aesthetic-hatch-bold-cream.png","C:\prog\Hellosunshine_V2\public\textures\aesthetic-hatch-bold-cream.png"
"aesthetic-hatch-bold-yellow.png","C:\prog\Hellosunshine_V2\public\textures\aesthetic-hatch-bold-yellow.png"
"aesthetic-hatch-bold.png","C:\prog\Hellosunshine_V2\public\textures\aesthetic-hatch-bold.png"
"aesthetic-hatch-cream.png","C:\prog\Hellosunshine_V2\public\textures\aesthetic-hatch-cream.png"
"aesthetic-hatch-yellow.png","C:\prog\Hellosunshine_V2\public\textures\aesthetic-hatch-yellow.png"
"aesthetic-hatch.png","C:\prog\Hellosunshine_V2\public\textures\aesthetic-hatch.png"
"charcoal-hatch.png","C:\prog\Hellosunshine_V2\public\textures\charcoal-hatch.png"
"organic-pencil-dense.png","C:\prog\Hellosunshine_V2\public\textures\organic-pencil-dense.png"
"organic-pencil.png","C:\prog\Hellosunshine_V2\public\textures\organic-pencil.png"
"pencil-hatch.png","C:\prog\Hellosunshine_V2\public\textures\pencil-hatch.png"
"scribble-fill.png","C:\prog\Hellosunshine_V2\public\textures\scribble-fill.png"
